,rating number_all,rating number_r1
chi2/stat,3435234.5,68201.5
p_val,2.7556926649801773e-25,6.476507340484421e-05
sig effect,True,True
